{
    "confusion_matrix": [
        [
            229,
            161
        ],
        [
            5,
            229
        ]
    ],
    "precision": 0.5871794871794872,
    "recall": 0.9786324786324786,
    "f1_score": 0.733974358974359
}