{
    "model_metric": [
        {
            "confusion_matrix": [
                [
                    265,
                    125
                ],
                [
                    12,
                    222
                ]
            ],
            "precision": 0.6397694524495677,
            "recall": 0.9487179487179487,
            "f1_score": 0.7641996557659209
        }
    ]
}