{
    "model_metric": [
        {
            "confusion_matrix": [
                [
                    263,
                    127
                ],
                [
                    11,
                    223
                ]
            ],
            "precision": 0.6371428571428571,
            "recall": 0.9529914529914529,
            "f1_score": 0.7636986301369862
        },
        {
            "confusion_matrix": [
                [
                    340,
                    50
                ],
                [
                    41,
                    193
                ]
            ],
            "precision": 0.7942386831275721,
            "recall": 0.8247863247863247,
            "f1_score": 0.8092243186582808
        }
    ]
}