{
    "model_name": "model_23-07-2021_11:20:19.h5",
    "time_taken": 1241.1517961025238,
    "loss": 0.25840088725090027,
    "accuracy": 0.8902363181114197
}